classifier,accuracy,precision,recall,f1_score,accuracy_std,precision_std,recall_std
Attention U-Net,0.8787220001220704,0.9180307658030005,0.8787220001220704,0.8979463908432349,0.11506247698017134,0.043037955117760686,0.11506247698017134
